query_id,document,query_type,question,ground_truth,tolerance_pct,is_adversarial,approach_a_answer,approach_a_em,approach_a_tol,approach_a_hallucination,approach_a_refusal_correct,approach_a_latency_sec,approach_a_input_tokens,approach_a_output_tokens,approach_a_failure_mode,approach_a_reasoning,approach_b_answer,approach_b_spatial_location,approach_b_em,approach_b_tol,approach_b_hallucination,approach_b_refusal_correct,approach_b_latency_sec,approach_b_input_tokens,approach_b_output_tokens,approach_b_failure_mode,approach_b_reasoning,approach_c_answer,approach_c_unit,approach_c_confidence,approach_c_intermediate_reconstruction,approach_c_failure_flags,approach_c_em,approach_c_tol,approach_c_hallucination,approach_c_refusal_correct,approach_c_latency_sec,approach_c_input_tokens,approach_c_output_tokens,approach_c_failure_mode,approach_c_reasoning
GT-001,page_1_income_statement.png,direct_lookup,What was the Total Revenues of Nova Corp in FY2024?,9226.0,0.0,False,9226.0,True,True,False,False,0.0532,291,36,CORRECT,"Extracted from line 'Total revenues $ 5,770.0 $ 7,235.8 $ 9,226.0' matching the third column for 2024.",9226.0,"[460, 680, 485, 780] | Row 'Total revenues', Column '2024'",True,True,False,False,0.0928,363,56,CORRECT,"Located the 3-column table header '2024' and traced down to the 'Total revenues' row intersecting at $9,226.0M.",9226.0,USD Millions,0.99,"| Line Item | FY2022 | FY2023 | FY2024 |
| :--- | :--- | :--- | :--- |
| Subscription and recurring services | $ 4,920.0 | $ 6,210.5 | $ 7,980.2 |
| Professional services & implementation | $ 850.0 | $ 1,025.3 | $ 1,245.8 |
| **Total revenues** | **$ 5,770.0** | **$ 7,235.8** | **$ 9,226.0** |",,True,True,False,False,0.1585,425,78,CORRECT,"Located the 3-column Total revenues row in the high-res crop; FY2024 column explicitly specifies $9,226.0M."
GT-002,page_1_income_statement.png,direct_lookup,How much did Nova Corp spend on Research and development (R&D) in FY2023?,1780.4,0.0,False,1320.0,False,False,False,False,0.0511,294,36,COLUMN_OR_SERIES_MISMATCH,Extracted first numeric value following Research and development (R&D) in sequential text order.,1780.4,"[570, 540, 595, 640] | Row 'Research and development (R&D)', Column '2023'",True,True,False,False,0.0805,366,58,CORRECT,"Scanned the operating expense rows to 'Research and development (R&D)' and read the middle 2023 column value of $1,780.4M.",1780.4,USD Millions,0.99,"| Operating Expense Category | FY2022 | FY2023 | FY2024 |
| :--- | :--- | :--- | :--- |
| Research and development (R&D) | $ 1,320.0 | $ 1,780.4 | $ 2,210.0 |
| Sales and marketing (S&M) | $ 1,650.0 | $ 2,040.2 | $ 2,490.5 |
| General and administrative (G&A) | $ 680.0 | $ 810.0 | $ 950.5 |",,True,True,False,False,0.1511,425,78,CORRECT,"High-res crop preserved 2D column grid: R&D row mapped to FY2023 middle column yields exactly $1,780.4M."
GT-003,page_1_income_statement.png,arithmetic_calculation,What was the year-over-year dollar increase in Net income from FY2023 to FY2024?,473.5,0.0,False,473.5,True,True,False,False,0.0554,294,36,CORRECT,"Net income 2024 (1,379.0) minus 2023 (905.5) = 473.5.",473.5,"[810, 540, 840, 780] | Row 'Net income', Columns '2023' ($905.5M) and '2024' ($1,379.0M)",True,True,False,False,0.0808,366,60,CORRECT,"Subtracted FY2023 Net Income ($905.5M) from FY2024 Net Income ($1,379.0M) yielding $473.5M.",473.5,USD Millions,0.98,"| Profitability Summary | FY2022 | FY2023 | FY2024 |
| :--- | :--- | :--- | :--- |
| Income before taxes | $ 740.0 | $ 1,175.2 | $ 1,768.5 |
| Provision for income taxes | $ 155.0 | $ 269.7 | $ 389.5 |
| **Net income** | **$ 585.0** | **$ 905.5** | **$ 1,379.0** |",,True,True,False,False,0.1459,425,78,CORRECT,"Calculated FY2024 Net Income ($1,379.0M) minus FY2023 Net Income ($905.5M) = $473.5M."
GT-004,page_1_income_statement.png,arithmetic_calculation,What percentage of Total revenues was generated by Subscription and recurring services in FY2024?,86.5,0.5,False,86.5%,True,True,False,False,0.0503,295,36,CORRECT,"Subscription revenue 7,980.2 divided by Total revenues 9,226.0 = 86.496%.",86.5%,"[380, 680, 485, 780] | Rows 'Subscription services' ($7,980.2M) and 'Total revenues' ($9,226.0M)",True,True,False,False,0.0805,367,59,CORRECT,"Divided FY2024 Subscription services revenue ($7,980.2M) by Total revenues ($9,226.0M), resulting in 86.496% (~86.5%).",86.5,Percentage,0.98,"| Line Item | FY2024 Value |
| :--- | :--- |
| Subscription and recurring services | $ 7,980.2 |
| Total revenues | $ 9,226.0 |",,True,True,False,False,0.1486,425,78,CORRECT,"Subscription revenue ($7,980.2M) / Total revenue ($9,226.0M) = 86.496% (~86.5%)."
GT-005,page_1_income_statement.png,adversarial_trap,What was the restructuring expense recorded by Nova Corp in FY2022?,NOT_PRESENT,0.0,True,NOT_FOUND,True,True,False,True,0.0503,292,36,CORRECT_REJECTION,Restructuring expense for FY2022 is not present in the extracted income statement text.,NOT_FOUND,N/A,True,True,False,True,0.0809,364,47,CORRECT_REJECTION,Inspected all operating expense categories and footnotes on Page 1; restructuring expenses are not listed.,NOT_PRESENT,,1.0,"| Audited Income Statement Sections |
| :--- |
| Revenues Breakdown |
| Cost of Revenues Breakdown |
| Operating Expenses: R&D, S&M, G&A, Restructuring: NONE |
| Provision for Income Taxes |",NOT_PRESENT_IN_DOCUMENT,True,True,False,True,0.1604,425,78,CORRECT_REJECTION,Thoroughly inspected high-resolution income statement crop; restructuring expense is not a reported line item.
GT-006,page_2_balance_sheet.png,direct_lookup,"What was the value of Cloud Infrastructure & Enterprise AI segment identifiable assets as of December 31, 2024?",11920.5,0.0,False,11920.5,True,True,False,False,0.051,341,36,CORRECT,Matched Cloud Infrastructure & Enterprise AI segment assets for 2024 from table text.,11920.5,"[315, 660, 345, 760] | Segment Identifiable Assets Table, Row 1, Column '2024'",True,True,False,False,0.0805,371,59,CORRECT,"Found Segment Assets table, identified Cloud Infrastructure row and read 2024 column showing $11,920.5M.",11920.5,USD Millions,0.99,"| Segment Identifiable Assets | 2023 ($M) | 2024 ($M) |
| :--- | :--- | :--- |
| Cloud Infrastructure & Enterprise AI | $ 8,450.0 | $ 11,920.5 |
| Digital Workplace & SaaS Applications | $ 4,120.5 | $ 5,180.2 |
| Consumer Devices & Hardware | $ 2,410.0 | $ 2,640.0 |",,True,True,False,False,0.1454,425,78,CORRECT,"Found Segment Assets table; Cloud Infrastructure & Enterprise AI row under 2024 column states $11,920.5M."
GT-007,page_2_balance_sheet.png,direct_lookup,"According to footnote [1], how much in specialized GPU server cluster assets was capitalized under finance leases during FY2024?",1450.0,0.0,False,1450.0,True,True,False,False,0.051,342,36,CORRECT,"Extracted $1,450.0M from footnote [1] text describing specialized GPU server clusters.",1450.0,"[780, 100, 830, 900] | Explanatory Footnote [1] below table",True,True,False,False,0.0806,372,56,CORRECT,"Read Explanatory Footnote [1] disclosing $1,450.0M capitalized under finance leases for GPU clusters.",1450.0,USD Millions,0.99,"| Footnote Ref | Disclosure Text |
| :--- | :--- |
| [1] | Includes specialized GPU server cluster assets capitalized under finance leases of $1,450.0 million as of December 31, 2024. |
| [2] | Goodwill allocation subject to annual impairment review. |
| [3] | Long-term debt obligations include senior unsecured credit facilities. |",,True,True,False,False,0.1445,425,78,CORRECT,"Extracted uncompressed 300 DPI footnote patch: Footnote [1] explicitly details $1,450.0M capitalized under finance leases."
GT-008,page_2_balance_sheet.png,arithmetic_calculation,What is the combined asset value of Digital Workplace & SaaS Applications and Consumer Devices & Hardware in 2024?,7820.2,0.0,False,7820.2,True,True,False,False,0.051,342,36,CORRECT,"Digital Workplace (5,180.2) + Consumer Devices (2,640.0) = 7,820.2.",7820.2,"[350, 660, 420, 760] | Segment Assets Table, Rows 2 and 3, Column '2024'",True,True,False,False,0.0809,372,60,CORRECT,"Summed Digital Workplace ($5,180.2M) and Consumer Devices ($2,640.0M) to get $7,820.2M.",7820.2,USD Millions,0.99,"| Segment | 2024 Identifiable Assets |
| :--- | :--- |
| Digital Workplace & SaaS Applications | $ 5,180.2 |
| Consumer Devices & Hardware | $ 2,640.0 |",,True,True,False,False,0.145,425,78,CORRECT,"Sum of Digital Workplace ($5,180.2M) and Consumer Devices ($2,640.0M) = $7,820.2M."
GT-009,page_2_balance_sheet.png,arithmetic_calculation,What was the total dollar increase in Stockholders' equity between 2023 and 2024?,2969.7,0.0,False,2969.7,True,True,False,False,0.0515,336,36,CORRECT,"Stockholders' equity 2024 (12,320.2) minus 2023 (9,350.5) = 2,969.7.",2969.7,"[680, 520, 715, 760] | Balance Sheet Summary, Row 'Stockholders equity'",True,True,False,False,0.0813,366,57,CORRECT,"Calculated difference between 2024 ($12,320.2M) and 2023 ($9,350.5M), equalling $2,969.7M.",2969.7,USD Millions,0.98,"| Balance Sheet Metric | 2023 ($M) | 2024 ($M) |
| :--- | :--- | :--- |
| Total liabilities | $ 5,630.0 | $ 7,420.5 |
| Stockholders' equity | $ 9,350.5 | $ 12,320.2 |
| Total liabilities and equity | $ 14,980.5 | $ 19,740.7 |",,True,True,False,False,0.1445,425,78,CORRECT,"Difference between 2024 ($12,320.2M) and 2023 ($9,350.5M) Stockholders' equity = $2,969.7M."
GT-010,page_2_balance_sheet.png,adversarial_trap,What was the dividend payout per share disclosed in the footnotes of the balance sheet for FY2024?,NOT_PRESENT,0.0,True,NOT_FOUND,True,True,False,True,0.0512,340,36,CORRECT_REJECTION,Dividend payout per share is not disclosed in the balance sheet footnotes text.,NOT_FOUND,N/A,True,True,False,True,0.0812,370,47,CORRECT_REJECTION,Thoroughly scanned the balance sheet footnotes; no dividend per share disclosure is present.,NOT_PRESENT,,1.0,"| Footnotes Present in Patch |
| :--- |
| [1] Finance lease assets (GPU server clusters) |
| [2] Goodwill allocation & annual impairment review |
| [3] Credit facility details |
| [*] Segment reporting accounting methodology |",NOT_PRESENT_IN_DOCUMENT,True,True,False,True,0.144,425,78,CORRECT_REJECTION,"Reconstructed all footnotes [1], [2], [3], [*]; no dividend payout per share disclosure is documented."
GT-011,page_3_quarterly_margins.png,direct_lookup,What was the Gross Margin percentage recorded in Q3 2024?,71.8,0.2,False,NOT_FOUND,False,False,False,False,0.0568,201,36,FALSE_NEGATIVE_NOT_FOUND,"The extracted text lists quarterly labels and ungrounded percentage values (e.g. 71.8%, 26.5%) without mapping to specific margin metrics (Gross vs Operating vs Net).",71.8%,"[340, 690, 375, 740] | Bar chart, Quarter Q3-24, Gross Margin top bar label",True,True,False,False,0.0815,363,60,CORRECT,Visual reading of the dark blue bar corresponding to Gross Margin in the Q3-24 cluster shows '71.8%'.,71.8,Percentage,0.99,"| Quarter | Gross Margin (Dark Blue) | Operating Margin (Amber) | Net Margin (Green) |
| :--- | :--- | :--- | :--- |
| Q3-24 | 71.8% | 26.5% | 19.1% |
| Q4-24 | 73.4% | 28.2% | 20.4% |",,True,True,False,False,0.1384,425,78,CORRECT,Intermediate reconstruction of Q3-24 cluster matches Gross Margin bar label directly to 71.8%.
GT-012,page_3_quarterly_margins.png,visual_chart_trend,Which of the three charted margin metrics maintains the lowest percentage value in every observed quarter?,Net Margin,0.0,False,NOT_FOUND,False,False,False,False,0.0489,207,36,FALSE_NEGATIVE_NOT_FOUND,Cannot determine metric bar heights from 1D text stream lacking visual legend and series associations.,Net Margin,"[720, 200, 850, 850] | Green bars across all 8 quarter clusters",True,True,False,False,0.0812,369,59,CORRECT,"Comparing bar heights across all 8 fiscal quarters, the green bars representing Net Margin consistently remain below Operating and Gross margins.",Net Margin,,1.0,"| Series Name | Color | Relative Bar Height Across 8 Quarters |
| :--- | :--- | :--- |
| Gross Margin | Dark Blue | Tallest in every cluster (68.2% - 73.4%) |
| Operating Margin | Amber/Orange | Middle height in every cluster (18.5% - 28.2%) |
| Net Margin | Emerald Green | Lowest bar height in every cluster (11.4% - 20.4%) |",,True,True,False,False,0.1397,425,78,CORRECT,Visual comparison across all 8 fiscal quarters confirms Net Margin (green) is strictly the lowest in every cluster.
GT-013,page_3_quarterly_margins.png,visual_chart_trend,In which fiscal quarter did Stratos Technologies achieve its peak Gross Margin percentage?,Q4-24,0.0,False,NOT_FOUND,False,False,False,False,0.0493,204,36,FALSE_NEGATIVE_NOT_FOUND,No series identity attached to the floating percentage values in the sequential text stream.,Q4-24,"[320, 780, 360, 830] | Peak Gross Margin bar (73.4%) at rightmost quarter",True,True,False,False,0.0808,366,59,CORRECT,The tallest Gross Margin bar across the entire 8-quarter timeline is at Q4-24 with 73.4%.,Q4-24,,0.99,"| Quarter | Gross Margin Value |
| :--- | :--- |
| Q1-23 | 68.2% |
| Q2-23 | 69.1% |
| Q3-23 | 69.8% |
| Q4-23 | 70.5% |
| Q1-24 | 69.4% |
| Q2-24 | 70.2% |
| Q3-24 | 71.8% |
| **Q4-24** | **73.4% (Global Maximum)** |",,True,True,False,False,0.1384,425,78,CORRECT,Gross Margin peak across the 8-quarter timeline is at Q4-24 with 73.4%.
GT-014,page_3_quarterly_margins.png,visual_chart_trend,By how many percentage points did the Operating Margin expand from Q1 2023 to Q4 2024?,9.7,0.2,False,NOT_FOUND,False,False,False,False,0.0501,207,36,FALSE_NEGATIVE_NOT_FOUND,Operating margin values cannot be distinguished from Gross or Net margin values in raw text output.,9.7,"[540, 180, 620, 830] | Operating Margin bars: Q1-23 (18.5%) and Q4-24 (28.2%)",True,True,False,False,0.0813,369,59,CORRECT,Operating margin in Q4-24 is 28.2% and in Q1-23 was 18.5%. The expansion is 28.2 - 18.5 = 9.7 percentage points.,9.7,Percentage points,0.99,"| Metric | Q1 2023 | Q4 2024 | Delta (pp) |
| :--- | :--- | :--- | :--- |
| Operating Margin | 18.5% | 28.2% | +9.7 pp |",,True,True,False,False,0.1383,425,78,CORRECT,Operating margin expansion: 28.2% (Q4-24) minus 18.5% (Q1-23) = 9.7 percentage points.
GT-015,page_3_quarterly_margins.png,adversarial_trap,What was the Free Cash Flow margin reported in Q2 2024?,NOT_PRESENT,0.0,True,NOT_FOUND,True,True,False,True,0.0493,202,36,CORRECT_REJECTION,"The extracted text contains quarterly labels and percentages, but Free Cash Flow margin is not mentioned.",25.0%,"[610, 580, 640, 630] | Misread Operating Margin bar label at Q2-24",False,False,True,False,0.0812,364,58,ADVERSARIAL_HALLUCINATION,"Identified the bar labeled 25.0% in the Q2-24 cluster, mistaking it for cash flow margin.",NOT_PRESENT,,1.0,"| Chart Series in Q2-24 Cluster | Visual Color | Plotted Percentage |
| :--- | :--- | :--- |
| Gross Margin | Dark Blue | 70.2% |
| Operating Margin | Amber/Orange | 25.0% |
| Net Margin | Emerald Green | 17.8% |
| *Free Cash Flow Margin* | *NOT CHARTED* | *ABSENT* |",NOT_PRESENT_IN_DOCUMENT,True,True,False,True,0.1386,425,78,CORRECT_REJECTION,"Intermediate spatial reconstruction of the Q2-24 bar cluster identifies only Gross (70.2%), Operating (25.0%), and Net (17.8%) margins. Free Cash Flow margin is unchartable and absent; refusing query."
